Date,Open,High,Low,Close,Volume,Adj Clos
2009-09-18,14.72,14.72,14.55,14.60,312100,10.826
2009-09-21,14.61,14.61,14.50,14.54,439200,10.782
2009-09-22,14.52,14.54,14.45,14.50,413100,10.752
2009-09-23,14.50,14.50,14.39,14.43,514800,10.700
2009-09-24,14.40,14.42,14.30,14.33,580400,10.626
2009-09-25,14.34,14.34,14.24,14.30,341600,10.604
2009-09-28,14.25,14.30,14.20,14.26,159100,10.574
2009-09-29,14.03,14.29,14.00,14.27,345100,10.581
2009-09-30,14.27,14.33,14.15,14.30,200600,10.604
2009-10-01,14.32,14.32,14.15,14.15,145800,10.492
2009-10-02,14.10,14.30,14.02,14.20,100000,10.529
2009-10-05,14.30,14.35,14.20,14.29,112800,10.596
2009-10-06,14.15,14.40,13.99,14.10,175900,10.455
2009-10-07,14.0901,14.18,14.00,14.12,98800,10.470
2009-10-08,14.03,14.0523,13.99,14.05,55100,10.418
2009-10-09,13.99,14.05,13.90,14.02,47800,10.396
2009-10-12,14.00,14.05,13.91,14.00,76600,10.381
2009-10-13,13.92,13.94,13.69,13.75,69200,10.196
2009-10-14,13.80,14.00,13.80,14.00,89200,10.381
2009-10-15,13.86,14.25,13.85,14.25,169300,10.56
2009-10-16,14.27,14.28,13.95,14.20,141100,10.529
2009-10-19,14.35,14.39,14.15,14.32,66800,10.618
2009-10-20,14.35,14.51,14.05,14.49,211200,10.74
2009-10-21,14.32,14.52,14.32,14.48,73300,10.737
2009-10-22,14.46,14.46,14.11,14.38,64700,10.663
2009-10-23,14.30,14.45,14.06,14.32,35700,10.618
2009-10-26,14.20,14.42,14.09,14.30,123300,10.604
2009-10-27,14.49,14.49,14.02,14.35,186200,10.641
2009-10-28,14.25,14.50,14.14,14.40,266800,10.678
2009-10-29,14.50,14.51,14.34,14.51,232100,10.759
2009-10-30,14.39,14.49,14.16,14.18,119000,10.515
2009-11-02,14.21,14.21,14.02,14.12,92400,10.470
2009-11-03,14.01,14.14,13.95,13.95,125300,10.344
2009-11-04,13.91,14.09,13.91,13.96,88700,10.35
2009-11-05,14.01,14.01,13.77,13.78,152200,10.218
2009-11-06,13.83,13.87,13.75,13.76,70500,10.203
2009-11-09,13.85,13.89,13.69,13.69,96900,10.151
2009-11-10,13.65,13.67,13.29,13.42,109500,9.951
2009-11-11,13.50,13.54,13.11,13.20,150500,9.788
2009-11-12,13.20,13.34,13.20,13.34,39800,9.892
2009-11-13,13.39,13.42,13.25,13.42,40400,9.951
2009-11-16,13.38,13.58,13.38,13.48,92800,9.99
2009-11-17,13.40,13.59,13.40,13.52,92700,10.025
2009-11-18,13.54,13.64,13.50,13.55,81700,10.047
2009-11-19,13.39,13.425,13.2901,13.39,98100,9.929
2009-11-20,13.30,13.3899,13.30,13.34,43800,9.892
2009-11-23,13.48,13.48,13.13,13.13,253100,9.736
2009-11-24,13.10,13.30,13.10,13.21,125500,9.795
2009-11-25,13.20,13.48,13.20,13.45,277600,9.973
2009-11-27,13.20,13.53,13.11,13.44,62700,9.966
2009-11-30,13.38,13.50,13.22,13.30,58900,9.862
2009-12-01,13.34,13.56,13.15,13.26,159300,9.832
2009-12-02,13.52,13.73,13.44,13.44,98600,9.966
2009-12-03,13.53,13.84,13.36,13.53,93100,10.033
2009-12-04,13.52,13.65,13.21,13.31,143400,9.8
2009-12-07,13.29,13.46,13.28,13.42,71400,9.951
2009-12-08,13.30,13.45,13.27,13.41,105500,9.944
2009-12-09,13.405,13.70,13.375,13.52,65800,10.025
2009-12-10,13.55,13.78,13.55,13.65,58200,10.122
2009-12-11,13.65,13.79,13.58,13.75,99900,10.196
2009-12-14,13.69,14.05,13.69,13.99,92700,10.374
2009-12-15,13.86,14.19,13.86,14.18,117800,10.515
2009-12-16,14.19,14.42,14.13,14.19,184900,10.522
2009-12-17,14.15,14.18,13.91,14.00,115000,10.381
2009-12-18,14.00,14.45,13.90,14.10,1348900,10.455
2009-12-21,13.99,14.15,13.79,14.12,102200,10.470
2009-12-22,14.10,14.31,13.83,13.95,136600,10.344
2009-12-23,13.92,14.09,13.85,13.93,119000,10.329
2009-12-24,14.04,14.07,13.96,14.02,4500,10.396
2009-12-28,14.01,14.09,13.84,13.95,78400,10.344
2009-12-29,14.02,14.19,13.85,14.11,92800,10.463
2009-12-30,14.09,14.18,13.85,14.02,37200,10.396
2009-12-31,13.97,14.10,13.87,13.96,37200,10.35
2010-01-04,14.08,14.19,14.05,14.07,51200,10.433
2010-01-05,14.09,14.19,13.90,13.98,44300,10.366
2010-01-06,13.95,14.07,13.92,13.96,27900,10.35
2010-01-07,13.99,14.30,13.98,14.26,49800,10.574
2010-01-08,14.17,14.2775,14.16,14.22,21900,10.544
2010-01-11,14.23,14.33,14.03,14.23,45200,10.552
2010-01-12,14.11,14.15,13.99,13.99,37400,10.374
2010-01-13,14.00,14.17,14.00,14.14,16800,10.485
2010-01-14,14.03,14.15,13.96,14.11,15600,10.463
2010-01-15,14.18,14.19,14.00,14.07,34100,10.433
2010-01-19,14.14,14.22,14.00,14.22,20200,10.544
2010-01-20,14.15,14.15,14.03,14.06,23300,10.426
2010-01-21,14.06,14.115,13.90,13.90,51600,10.307
2010-01-22,13.87,13.90,13.80,13.86,49200,10.277
2010-01-25,13.97,13.99,13.7945,13.86,31200,10.277
2010-01-26,13.86,13.95,13.80,13.85,35700,10.270
2010-01-27,13.74,13.81,13.65,13.74,45800,10.188
2010-01-28,13.74,13.74,13.5932,13.60,29600,10.08
2010-01-29,13.62,13.78,13.62,13.77,40500,10.211
2010-02-01,13.79,13.89,13.65,13.72,24200,10.17
2010-02-02,13.69,13.86,13.61,13.68,35700,10.144
2010-02-03,13.69,13.85,13.60,13.80,35900,10.233
2010-02-04,13.66,13.91,13.60,13.75,85000,10.196
2010-02-05,13.76,13.91,13.50,13.71,65500,10.166
2010-02-08,13.67,13.76,13.62,13.72,38600,10.17
2010-02-09,13.81,13.90,13.60,13.69,29300,10.151
2010-02-10,13.62,13.69,13.50,13.52,35900,10.025
2010-02-11,13.51,13.76,13.42,13.72,31100,10.17
2010-02-12,13.64,13.80,13.60,13.69,36200,10.151
2010-02-16,13.70,13.70,13.41,13.45,97200,9.973
2010-02-17,13.49,13.79,13.42,13.52,77700,10.025
2010-02-18,13.55,13.97,13.44,13.52,49500,10.025
2010-02-19,13.55,13.80,13.45,13.78,34100,10.218
2010-02-22,13.78,13.99,13.71,13.83,44800,10.255
2010-02-23,13.85,13.96,13.60,13.66,24400,10.129
2010-02-24,13.70,13.94,13.68,13.79,37300,10.225
2010-02-25,13.59,13.90,13.59,13.85,49000,10.270
2010-02-26,13.85,13.95,13.66,13.83,38600,10.255
2010-03-01,13.89,13.96,13.71,13.86,25300,10.277
2010-03-02,13.94,13.94,13.78,13.85,38600,10.270
2010-03-03,13.91,13.98,13.62,13.82,41000,10.248
2010-03-04,13.82,13.89,13.67,13.80,11600,10.233
2010-03-05,13.80,13.89,13.62,13.70,47500,10.159
2010-03-08,13.72,13.80,13.69,13.74,8500,10.188
2010-03-09,13.65,13.95,13.65,13.85,25400,10.270
2010-03-10,13.93,14.06,13.87,13.98,21000,10.366
2010-03-11,13.87,13.99,13.70,13.84,42500,10.26
2010-03-12,13.83,13.92,13.71,13.73,23100,10.181
2010-03-15,13.67,13.82,13.48,13.59,140200,10.077
2010-03-16,13.60,13.69,13.47,13.58,194000,10.070
2010-03-17,13.52,13.65,13.41,13.43,96500,9.958
2010-03-18,13.41,13.90,13.41,13.60,36000,10.08
2010-03-19,13.71,13.88,13.20,13.38,228000,9.921
2010-03-22,13.31,13.47,13.21,13.31,114000,9.8
2010-03-23,13.25,13.49,13.19,13.44,41100,9.966
2010-03-24,13.44,13.57,13.28,13.35,67800,9.899
2010-03-25,13.36,13.56,13.18,13.20,62700,9.788
2010-03-26,13.26,13.39,13.25,13.35,23500,9.899
2010-03-29,13.34,13.50,13.25,13.31,50900,9.8
2010-03-30,13.28,13.46,13.20,13.31,25300,9.922
2010-03-31,13.26,13.56,13.26,13.37,42600,9.966
2010-04-01,13.38,13.44,13.32,13.37,18900,9.966
2010-04-05,13.43,13.55,13.3801,13.55,43000,10.10
2010-04-06,13.52,13.58,13.36,13.41,36100,9.996
2010-04-07,13.40,13.70,13.40,13.49,29200,10.056
2010-04-08,13.44,13.74,13.44,13.54,21700,10.093
2010-04-09,13.54,13.73,13.49,13.60,23400,10.138
2010-04-12,13.65,13.89,13.55,13.59,36700,10.130
2010-04-13,13.61,13.83,13.40,13.76,42600,10.257
2010-04-14,13.84,13.87,13.55,13.82,57000,10.302
2010-04-15,13.84,13.87,13.67,13.79,33400,10.2
2010-04-16,13.81,13.81,13.61,13.66,24300,10.18
2010-04-19,13.64,13.85,13.45,13.47,28000,10.041
2010-04-20,13.49,13.52,13.44,13.48,28700,10.048
2010-04-21,13.47,13.56,13.39,13.42,16500,10.004
2010-04-22,13.35,13.44,13.31,13.36,17700,9.959
2010-04-23,13.34,13.50,13.31,13.34,179000,9.944
2010-04-26,13.34,13.64,13.34,13.37,40600,9.966
2010-04-27,13.36,13.76,13.30,13.31,34300,9.922
2010-04-28,13.35,13.53,13.25,13.30,52300,9.914
2010-04-29,13.34,13.48,13.22,13.39,36200,9.981
2010-04-30,13.34,13.39,13.20,13.21,80300,9.847
2010-05-03,13.29,13.41,13.12,13.39,72800,9.981
2010-05-04,13.26,13.38,13.06,13.27,87100,9.892
2010-05-05,13.15,13.36,13.03,13.05,87700,9.728
2010-05-06,13.03,13.04,12.64,12.84,153800,9.571
2010-05-07,12.79,12.98,12.58,12.93,84800,9.638
2010-05-10,13.19,13.38,12.9801,13.01,101900,9.698
2010-05-11,12.94,13.15,12.91,12.99,60500,9.683
2010-05-12,13.05,13.23,12.93,13.22,103000,9.85
2010-05-13,13.20,13.30,13.00,13.28,106100,9.899
2010-05-14,13.22,13.25,13.12,13.23,39100,9.862
2010-05-17,13.31,13.41,13.21,13.32,48800,9.929
2010-05-18,13.38,13.43,12.77,12.85,119400,9.579
2010-05-19,12.78,12.85,12.57,12.80,142900,9.541
2010-05-20,12.49,12.56,12.23,12.23,130400,9.11
2010-05-21,12.13,12.56,12.0101,12.53,92600,9.340
2010-05-24,12.46,12.74,12.39,12.51,70500,9.325
2010-05-25,12.26,12.55,12.26,12.51,48500,9.325
2010-05-26,12.56,12.94,12.50,12.57,419700,9.370
2010-05-27,12.78,12.92,12.51,12.90,86800,9.616
2010-05-28,12.94,13.14,12.75,13.03,109000,9.713
2010-06-01,12.89,13.03,12.53,12.53,65100,9.340
2010-06-02,12.54,12.98,12.51,12.91,74400,9.623
2010-06-03,12.88,12.97,12.66,12.88,66300,9.601
2010-06-04,12.59,12.72,12.41,12.49,117900,9.310
2010-06-07,12.60,12.68,12.35,12.37,67600,9.221
2010-06-08,12.39,12.49,12.26,12.48,45800,9.303
2010-06-09,12.54,12.55,12.03,12.15,102100,9.057
2010-06-10,12.30,12.47,12.16,12.44,81900,9.273
2010-06-11,12.37,12.50,12.21,12.50,42400,9.318
2010-06-14,12.60,12.76,12.26,12.29,71600,9.161
2010-06-15,12.34,12.50,12.28,12.40,88200,9.243
2010-06-16,12.37,12.49,12.32,12.37,52500,9.221
2010-06-17,12.38,12.59,12.32,12.36,70100,9.213
2010-06-18,12.35,12.47,12.20,12.29,95400,9.161
2010-06-21,12.39,12.40,12.17,12.30,52800,9.169
2010-06-22,12.31,12.39,12.11,12.13,88100,9.042
2010-06-23,12.13,12.52,12.13,12.38,107300,9.228
2010-06-24,12.23,12.37,12.11,12.15,24900,9.14
2010-06-25,12.23,13.29,12.20,12.95,675400,9.748
2010-06-28,12.84,12.98,12.76,12.92,70400,9.725
2010-06-29,12.77,12.77,12.45,12.54,59800,9.439
2010-06-30,12.58,12.95,12.38,12.43,48400,9.356
2010-07-01,12.46,12.65,12.14,12.50,46800,9.409
2010-07-02,12.60,12.60,12.22,12.49,32700,9.40
2010-07-06,12.60,12.69,12.28,12.35,38900,9.296
2010-07-07,12.41,12.79,12.41,12.79,30800,9.627
2010-07-08,12.90,12.90,12.66,12.89,24400,9.703
2010-07-09,12.35,12.50,11.96,12.23,736900,9.206
2010-07-12,12.18,12.33,12.11,12.25,88300,9.221
2010-07-13,12.30,12.35,12.10,12.30,93100,9.25
2010-07-14,12.25,12.45,12.20,12.21,48300,9.191
2010-07-15,12.21,12.25,12.12,12.19,59800,9.176
2010-07-16,12.17,12.17,11.95,11.98,100200,9.018
2010-07-19,12.03,12.06,11.7601,11.97,53600,9.010
2010-07-20,11.85,12.25,11.81,12.23,92500,9.206
2010-07-21,12.25,12.25,12.01,12.06,34300,9.078
2010-07-22,12.18,12.25,11.83,12.20,56800,9.183
2010-07-23,12.11,12.38,11.87,12.38,54600,9.319
2010-07-26,12.40,12.40,12.26,12.33,48200,9.281
2010-07-27,12.34,12.38,12.20,12.35,26800,9.296
2010-07-28,12.28,12.35,12.05,12.06,34500,9.078
2010-07-29,12.01,12.10,11.95,12.02,63900,9.048
2010-07-30,11.95,12.09,11.93,12.06,37500,9.078
2010-08-02,12.15,12.28,12.05,12.12,38000,9.123
2010-08-03,12.07,12.18,12.00,12.03,22800,9.055
2010-08-04,12.05,12.18,11.89,12.04,43200,9.063
2010-08-05,12.01,12.15,11.96,11.96,32900,9.00
2010-08-06,11.95,12.08,11.91,12.04,36400,9.063
2010-08-09,12.10,12.22,12.00,12.13,25800,9.13
2010-08-10,12.03,12.15,12.00,12.02,40300,9.048
2010-08-11,11.95,12.0001,11.82,11.84,56200,8.912
2010-08-12,11.78,12.09,11.78,11.86,34700,8.927
2010-08-13,11.87,11.92,11.79,11.80,37000,8.882
2010-08-16,11.79,12.05,11.79,12.05,31400,9.070
2010-08-17,12.10,12.18,11.98,12.05,41800,9.070
2010-08-18,12.01,12.05,11.96,12.03,29000,9.055
2010-08-19,11.96,12.0125,11.86,11.86,49400,8.927
2010-08-20,11.85,11.92,11.82,11.90,44400,8.957
2010-08-23,11.94,11.95,11.84,11.86,37600,8.927
2010-08-24,11.79,11.9036,11.78,11.84,33400,8.912
2010-08-25,11.82,11.96,11.82,11.96,21300,9.00
2010-08-26,12.06,12.07,11.86,11.88,30300,8.942
2010-08-27,11.92,12.18,11.90,12.17,51600,9.161
2010-08-30,12.10,12.23,11.96,11.97,33500,9.010
2010-08-31,11.99,12.05,11.87,11.93,34900,8.980
2010-09-01,12.06,12.25,12.04,12.22,45900,9.198
2010-09-02,12.19,12.26,12.11,12.22,21200,9.198
2010-09-03,12.28,12.31,12.16,12.26,33900,9.228
2010-09-07,12.26,12.26,12.10,12.10,39200,9.108
2010-09-08,12.16,12.36,12.12,12.19,64800,9.176
2010-09-09,12.30,12.34,12.10,12.19,41800,9.176
2010-09-10,12.25,12.34,12.14,12.15,19400,9.14
2010-09-13,12.28,12.49,12.19,12.47,68400,9.386
2010-09-14,12.48,12.56,12.27,12.43,299300,9.356
2010-09-15,12.36,12.37,12.19,12.27,47800,9.236
2010-09-16,12.28,12.28,12.11,12.17,50600,9.161
2010-09-17,12.28,12.31,12.11,12.22,81200,9.198
2010-09-20,12.20,12.48,12.16,12.43,80300,9.356
2010-09-21,12.44,12.47,12.28,12.30,65600,9.25
2010-09-22,12.30,12.35,12.18,12.23,96100,9.206
2010-09-23,12.12,12.24,12.10,12.11,30800,9.115
2010-09-24,12.20,12.20,12.12,12.20,59200,9.183
2010-09-27,12.24,12.25,12.14,12.19,26800,9.176
2010-09-28,12.07,12.08,11.75,11.75,184700,8.9
2010-09-29,11.75,12.19,11.75,12.18,63200,9.298
2010-09-30,12.24,12.31,11.94,12.03,116000,9.183
2010-10-01,12.12,12.15,11.96,12.13,23400,9.260
2010-10-04,12.15,12.25,11.95,12.21,71700,9.321
2010-10-05,12.24,12.40,12.14,12.40,80600,9.466
2010-10-06,12.40,12.45,12.27,12.39,32600,9.458
2010-10-07,12.48,12.48,12.19,12.19,34800,9.305
2010-10-08,12.15,12.23,12.08,12.10,45700,9.237
2010-10-11,12.12,12.20,12.01,12.02,64200,9.176
2010-10-12,12.01,12.16,12.01,12.13,17900,9.260
2010-10-13,12.14,12.54,11.93,12.45,122700,9.504
2010-10-14,12.49,12.55,12.34,12.46,78900,9.512
2010-10-15,12.59,12.59,12.24,12.29,101000,9.382
2010-10-18,12.35,12.60,12.33,12.54,60300,9.573
2010-10-19,12.48,12.60,12.37,12.47,86800,9.519
2010-10-20,12.55,12.64,12.47,12.57,41200,9.59
2010-10-21,12.66,12.66,12.31,12.42,100900,9.481
2010-10-22,12.48,12.48,12.35,12.42,17200,9.481
2010-10-25,12.52,12.61,12.19,12.24,108400,9.344
2010-10-26,12.20,12.33,12.09,12.19,86800,9.305
2010-10-27,12.17,12.30,12.10,12.18,69100,9.298
2010-10-28,12.29,12.45,12.23,12.33,247300,9.412
2010-10-29,12.36,12.70,12.35,12.65,106100,9.657
2010-11-01,12.70,12.70,12.36,12.42,41600,9.481
2010-11-02,12.54,12.66,12.42,12.66,58400,9.664
2010-11-03,12.66,12.73,12.32,12.47,71100,9.519
2010-11-04,12.56,12.94,12.56,12.93,93300,9.870
2010-11-05,12.95,12.95,12.66,12.71,56500,9.702
2010-11-08,12.74,12.94,12.72,12.91,47300,9.855
2010-11-09,12.94,13.02,12.79,12.92,81800,9.863
2010-11-10,13.00,13.22,12.85,13.18,59000,10.061
2010-11-11,13.17,13.25,13.03,13.22,76800,10.092
2010-11-12,13.22,13.22,13.00,13.07,68900,9.977
2010-11-15,13.13,13.19,12.96,12.99,115500,9.916
2010-11-16,12.90,12.92,12.52,12.57,32400,9.59
2010-11-17,12.59,12.87,12.48,12.52,90900,9.557
2010-11-18,12.61,12.855,12.48,12.52,108600,9.557
2010-11-19,12.49,12.70,12.45,12.61,66000,9.626
2010-11-22,12.54,12.74,12.50,12.70,63400,9.695
2010-11-23,12.60,12.73,12.52,12.60,32900,9.618
2010-11-24,12.67,12.92,12.63,12.73,31600,9.718
2010-11-26,12.64,12.70,12.57,12.59,12500,9.611
2010-11-29,12.55,12.77,12.55,12.76,26900,9.741
2010-11-30,12.67,12.74,12.56,12.64,45800,9.649
2010-12-01,12.81,12.83,12.67,12.77,38000,9.748
2010-12-02,12.75,12.77,12.61,12.74,32000,9.725
2010-12-03,12.70,12.77,12.59,12.75,14300,9.733
2010-12-06,12.69,12.89,12.63,12.84,51600,9.802
2010-12-07,12.90,13.11,12.81,13.00,26300,9.924
2010-12-08,13.06,13.06,12.68,12.73,41300,9.718
2010-12-09,12.81,13.02,12.75,12.97,30100,9.901
2010-12-10,12.94,13.09,12.81,13.06,56000,9.970
2010-12-13,13.05,13.23,12.92,13.03,28500,9.947
2010-12-14,13.10,13.23,13.01,13.15,25800,10.038
2010-12-15,13.10,13.20,13.05,13.16,21700,10.046
2010-12-16,13.13,13.24,13.11,13.20,25900,10.07
2010-12-17,13.20,13.23,13.08,13.12,58300,10.015
2010-12-20,13.19,13.21,13.05,13.21,36400,10.084
2010-12-21,13.22,13.25,13.03,13.19,46800,10.069
2010-12-22,13.22,13.25,13.09,13.18,46900,10.061
2010-12-23,13.00,13.02,12.67,12.99,15500,10.08
2010-12-27,12.93,13.15,12.93,13.13,20600,10.193
2010-12-28,13.10,13.12,12.95,12.96,28600,10.061
2010-12-29,12.96,13.10,12.87,13.07,29100,10.147
2010-12-30,13.02,13.08,12.90,13.02,16300,10.108
2010-12-31,13.072,13.23,13.07,13.10,15200,10.170
2011-01-03,13.17,13.29,13.10,13.26,128100,10.294
2011-01-04,13.24,13.28,13.06,13.09,20700,10.162
2011-01-05,13.13,13.26,13.05,13.24,20300,10.279
2011-01-06,13.20,13.33,13.111,13.13,264600,10.193
2011-01-07,13.20,13.20,13.07,13.13,13400,10.193
2011-01-10,13.13,13.13,12.95,12.99,21800,10.08
2011-01-11,12.98,13.20,12.98,13.06,26800,10.139
2011-01-12,13.17,13.26,13.131,13.24,32400,10.279
2011-01-13,13.20,13.20,13.05,13.06,16100,10.139
2011-01-14,13.11,13.34,13.02,13.33,46900,10.34
2011-01-18,13.29,13.3629,13.19,13.28,20700,10.310
2011-01-19,13.18,13.18,12.98,12.99,72000,10.08
2011-01-20,13.00,13.28,12.93,13.04,37700,10.123
2011-01-21,13.07,13.21,12.92,13.14,33200,10.201
2011-01-24,13.15,13.369,13.15,13.29,41500,10.317
2011-01-25,13.29,13.31,13.06,13.29,78800,10.317
2011-01-26,13.32,13.48,13.27,13.48,58400,10.465
2011-01-27,13.49,13.50,13.34,13.46,40000,10.449
2011-01-28,13.49,13.49,13.14,13.28,40400,10.310
2011-01-31,13.31,13.4473,13.01,13.41,36400,10.411
2011-02-01,13.47,13.51,13.32,13.46,46400,10.449
2011-02-02,13.40,13.50,13.17,13.39,32500,10.395
2011-02-03,13.38,13.45,13.35,13.40,30800,10.403
2011-02-04,13.37,13.4496,13.16,13.36,40100,10.372
2011-02-07,13.34,13.37,13.17,13.31,63600,10.333
2011-02-08,13.30,13.34,13.17,13.34,52500,10.356
2011-02-09,13.34,13.37,13.27,13.31,27500,10.333
2011-02-10,13.30,13.35,13.01,13.16,85000,10.21
2011-02-11,13.08,13.19,13.03,13.15,32200,10.209
2011-02-14,13.09,13.19,13.04,13.09,13800,10.162
2011-02-15,13.05,13.20,13.05,13.14,13100,10.201
2011-02-16,13.12,13.25,13.09,13.20,33200,10.24
2011-02-17,13.16,13.25,13.14,13.19,40100,10.240
2011-02-18,13.28,13.30,13.15,13.25,101500,10.286
2011-02-22,13.20,13.30,13.07,13.15,47300,10.209
2011-02-23,13.13,13.23,13.10,13.10,29500,10.170
2011-02-24,13.10,13.25,13.10,13.16,45500,10.21
2011-02-25,13.16,13.25,13.16,13.20,21900,10.24
2011-02-28,13.30,13.30,13.17,13.20,37500,10.24
2011-03-01,13.20,13.29,13.04,13.06,41400,10.139
2011-03-02,13.14,13.20,13.05,13.10,27800,10.170
2011-03-03,13.18,13.22,13.045,13.09,44000,10.162
2011-03-04,13.08,13.10,12.84,12.98,46800,10.077
2011-03-07,13.00,13.37,12.79,12.80,113300,9.937
2011-03-08,12.79,13.13,12.78,13.11,34200,10.178
2011-03-09,13.13,13.13,12.86,13.10,25100,10.170
2011-03-10,12.92,13.04,12.85,12.86,47100,9.984
2011-03-11,12.94,13.05,12.82,12.90,46000,10.015
2011-03-14,12.83,12.91,12.75,12.77,95200,9.914
2011-03-15,12.62,12.79,12.62,12.72,51600,9.875
2011-03-16,12.65,12.755,12.65,12.70,38400,9.859
2011-03-17,12.59,12.68,12.586,12.67,33900,10.01
2011-03-18,12.67,12.81,12.57,12.68,81500,10.025
2011-03-21,12.12,12.81,12.00,12.38,318200,9.788
2011-03-22,12.38,12.38,12.16,12.21,115800,9.654
2011-03-23,12.24,12.25,12.10,12.24,157600,9.67
2011-03-24,12.25,12.25,11.88,12.05,522500,9.527
2011-03-25,12.05,12.28,11.95,11.96,262900,9.456
2011-03-28,11.88,13.50,11.50,12.15,6157400,9.606
2011-03-29,11.56,11.75,11.30,11.40,47165300,9.013
2011-03-30,11.45,11.60,11.25,11.52,4240800,9.108
2011-03-31,11.47,11.50,11.33,11.42,2661600,9.029
2011-04-01,11.42,11.57,11.33,11.57,3785800,9.148
2011-04-04,11.52,11.605,11.45,11.50,1284900,9.092
2011-04-05,11.50,11.51,11.35,11.45,1352800,9.053
2011-04-06,11.49,11.50,11.35,11.40,872000,9.013
2011-04-07,11.45,11.45,11.18,11.23,1834800,8.879
2011-04-08,11.27,11.29,11.03,11.10,4333900,8.776
2011-04-11,11.18,11.25,10.85,10.89,1628200,8.610
2011-04-12,10.89,10.97,10.80,10.91,1797000,8.626
2011-04-13,10.89,11.05,10.89,11.03,678100,8.721
2011-04-14,10.97,11.15,10.92,11.06,1034400,8.74
2011-04-15,11.03,11.09,10.92,11.00,991400,8.697
2011-04-18,10.95,11.11,10.89,11.11,651300,8.784
2011-04-19,11.10,11.14,10.96,11.05,744300,8.737
2011-04-20,11.20,11.25,11.10,11.21,569300,8.863
2011-04-21,11.25,11.37,11.21,11.28,831100,8.918
2011-04-25,11.34,11.46,11.3103,11.42,882400,9.029
2011-04-26,11.46,11.58,11.41,11.51,1602300,9.100
2011-04-27,11.51,11.55,11.38,11.42,822300,9.029
2011-04-28,11.43,11.53,11.35,11.52,1413900,9.108
2011-04-29,11.56,11.66,11.46,11.66,4791300,9.219
2011-05-02,11.65,11.70,11.54,11.59,743700,9.164
2011-05-03,11.55,11.63,11.49,11.55,611600,9.132
2011-05-04,11.50,11.65,11.41,11.54,927400,9.124
2011-05-05,11.53,11.55,11.40,11.48,565200,9.077
2011-05-06,11.54,11.54,11.41,11.43,279900,9.037
2011-05-09,11.45,11.50,11.40,11.47,249100,9.069
2011-05-10,11.53,11.54,11.44,11.48,359400,9.077
2011-05-11,11.44,11.46,11.30,11.33,287100,8.958
2011-05-12,11.30,11.38,11.25,11.38,349500,8.99
2011-05-13,11.38,11.39,11.18,11.22,524200,8.871
2011-05-16,11.22,11.29,11.13,11.14,384100,8.808
2011-05-17,11.10,11.19,11.03,11.09,314200,8.768
2011-05-18,11.08,11.30,11.08,11.25,297600,8.895
2011-05-19,11.32,11.49,11.23,11.41,235900,9.021
2011-05-20,11.36,11.39,11.26,11.35,245400,8.974
2011-05-23,11.26,11.38,11.22,11.22,307700,8.871
2011-05-24,11.20,11.24,11.13,11.15,261300,8.816
2011-05-25,11.12,11.39,11.05,11.31,291300,8.942
2011-05-26,11.30,11.38,11.16,11.35,677100,8.974
2011-05-27,11.39,11.39,11.25,11.30,394200,8.934
2011-05-31,11.35,11.37,11.25,11.31,728400,8.942
2011-06-01,11.27,11.33,11.08,11.12,654000,8.792
2011-06-02,11.11,11.18,11.01,11.03,1279000,8.721
2011-06-03,10.94,11.02,10.83,10.86,887500,8.586
2011-06-06,10.89,10.96,10.66,10.69,1039900,8.452
2011-06-07,10.75,10.79,10.53,10.56,1701800,8.349
2011-06-08,10.55,10.57,10.42,10.49,445300,8.294
2011-06-09,10.46,10.54,10.35,10.44,1209200,8.254
2011-06-10,10.38,10.5699,10.33,10.33,657800,8.167
2011-06-13,10.33,10.47,10.28,10.33,839900,8.167
2011-06-14,10.40,10.44,10.29,10.34,562300,8.175
2011-06-15,10.33,10.3656,10.20,10.26,848500,8.112
2011-06-16,10.30,10.40,10.19,10.28,561400,8.128
2011-06-17,10.36,10.68,10.32,10.42,885000,8.238
2011-06-20,10.44,10.75,10.37,10.74,812500,8.49
2011-06-21,10.78,10.89,10.72,10.77,391600,8.515
2011-06-22,10.76,10.83,10.69,10.77,387200,8.515
2011-06-23,10.72,10.72,10.53,10.64,554800,8.412
2011-06-24,11.05,11.05,10.86,10.95,4816500,8.65
2011-06-27,10.93,11.00,10.80,10.85,1263700,8.779
2011-06-28,10.90,10.93,10.82,10.88,813500,8.803
2011-06-29,10.96,11.03,10.90,10.99,592400,8.892
2011-06-30,11.03,11.18,10.99,11.11,620600,8.989
2011-07-01,11.15,11.29,11.11,11.28,525400,9.127
2011-07-05,11.35,11.36,11.05,11.18,607600,9.046
2011-07-06,11.235,11.29,11.1695,11.27,441200,9.119
2011-07-07,11.30,11.39,11.20,11.30,710800,9.143
2011-07-08,11.23,11.30,11.23,11.30,296600,9.143
2011-07-11,11.27,11.30,11.20,11.23,413600,9.086
2011-07-12,11.25,11.30,11.17,11.18,371300,9.046
2011-07-13,11.24,11.30,11.16,11.19,458100,9.054
2011-07-14,11.25,11.30,11.00,11.05,442400,8.941
2011-07-15,11.07,11.25,11.07,11.19,439800,9.054
2011-07-18,11.22,11.23,11.01,11.10,382900,8.981
2011-07-19,11.17,11.24,11.11,11.19,347100,9.054
2011-07-20,11.23,11.31,11.145,11.22,417600,9.078
2011-07-21,11.28,11.30,11.21,11.30,419700,9.143
2011-07-22,11.32,11.33,11.16,11.22,205800,9.078
2011-07-25,11.13,11.22,11.06,11.07,275000,8.957
2011-07-26,11.10,11.18,10.92,11.09,332600,8.973
2011-07-27,11.08,11.13,10.77,10.77,501200,8.714
2011-07-28,10.81,10.8921,10.66,10.69,439600,8.649
2011-07-29,10.70,10.70,10.39,10.51,719600,8.504
2011-08-01,10.60,10.94,10.55,10.89,454600,8.811
2011-08-02,10.88,10.98,10.56,10.57,500800,8.552
2011-08-03,10.61,10.70,10.43,10.51,468400,8.504
2011-08-04,10.47,10.69,9.7046,9.79,1319800,7.921
2011-08-05,9.88,9.89,9.38,9.55,1339000,7.727
2011-08-08,9.24,9.34,8.85,9.24,2869600,7.476
2011-08-09,9.30,10.16,9.21,10.15,702700,8.21
2011-08-10,9.96,9.98,9.50,9.52,496700,7.703
2011-08-11,9.55,9.82,9.50,9.67,575300,7.824
2011-08-12,9.72,9.96,9.58,9.60,389200,7.767
2011-08-15,9.61,9.93,9.61,9.82,408100,7.94
2011-08-16,9.76,10.06,9.70,10.01,987000,8.099
2011-08-17,10.08,10.16,9.93,9.98,563800,8.075
2011-08-18,9.80,9.93,9.13,9.19,984800,7.436
2011-08-19,9.19,9.4086,9.13,9.16,532300,7.411
2011-08-22,9.26,9.36,9.01,9.10,446000,7.363
2011-08-23,9.10,9.54,9.09,9.54,400800,7.719
2011-08-24,9.56,9.6836,9.40,9.54,246400,7.719
2011-08-25,9.63,9.67,9.08,9.10,412300,7.363
2011-08-26,9.10,9.21,9.06,9.16,406700,7.411
2011-08-29,9.28,9.56,9.21,9.56,320700,7.735
2011-08-30,9.54,9.54,9.20,9.42,309900,7.622
2011-08-31,9.47,9.51,9.30,9.35,437800,7.565
2011-09-01,9.32,9.48,9.10,9.12,527600,7.379
2011-09-02,9.00,9.12,9.00,9.00,428500,7.282
2011-09-06,8.80,8.89,8.67,8.82,485200,7.136
2011-09-07,8.89,9.15,8.89,9.11,395400,7.371
2011-09-08,9.06,9.20,8.81,8.94,338000,7.233
2011-09-09,8.88,8.94,8.51,8.59,429800,6.950
2011-09-12,8.52,8.54,8.26,8.49,487200,6.869
2011-09-13,8.50,8.55,8.36,8.43,298200,6.821
2011-09-14,8.47,8.67,8.41,8.59,348800,6.950
2011-09-15,8.67,8.79,8.6099,8.78,324700,7.104
2011-09-16,8.83,8.83,8.65,8.73,401100,7.06
2011-09-19,8.64,8.73,8.51,8.65,296700,6.999
2011-09-20,8.70,8.75,8.50,8.50,319600,6.877
2011-09-21,8.75,9.26,8.74,8.75,1113800,7.080
2011-09-22,8.60,8.89,8.53,8.61,873500,6.966
2011-09-23,8.84,9.31,8.84,9.15,1012900,7.403
2011-09-26,9.29,9.391,9.19,9.30,631000,7.525
2011-09-27,9.45,9.50,9.30,9.36,610700,7.573
2011-09-28,9.10,9.27,9.04,9.05,482300,7.565
2011-09-29,9.11,9.11,8.70,8.79,633700,7.34
2011-09-30,8.75,8.97,8.62,8.88,735400,7.423
2011-10-03,8.83,8.97,8.25,8.30,704000,6.938
2011-10-04,8.25,8.77,8.03,8.71,740600,7.281
2011-10-05,8.71,8.733,8.34,8.44,440500,7.055
2011-10-06,8.45,8.81,8.45,8.80,364000,7.356
2011-10-07,8.87,8.88,8.40,8.41,474100,7.030
2011-10-10,8.61,8.93,8.51,8.92,442400,7.456
2011-10-11,8.89,9.10,8.79,9.07,367400,7.582
2011-10-12,9.14,9.23,9.05,9.09,496200,7.598
2011-10-13,9.09,9.09,8.77,8.81,483300,7.364
2011-10-14,8.92,8.92,8.79,8.86,359000,7.406
2011-10-17,8.85,8.85,8.66,8.69,261300,7.264
2011-10-18,8.69,9.19,8.62,9.05,822300,7.565
2011-10-19,9.05,9.16,8.96,9.00,311700,7.523
2011-10-20,8.99,9.13,8.80,9.09,310200,7.598
2011-10-21,9.21,9.21,8.99,9.11,329900,7.615
2011-10-24,9.12,9.25,9.02,9.24,402400,7.724
2011-10-25,9.16,9.39,9.10,9.31,299500,7.782
2011-10-26,9.40,9.47,9.27,9.42,307000,7.874
2011-10-27,9.60,9.83,9.53,9.76,674700,8.158
2011-10-28,9.71,9.82,9.67,9.77,288300,8.167
2011-10-31,9.75,9.75,9.54,9.56,222500,7.991
2011-11-01,9.39,9.63,9.24,9.26,307600,7.740
2011-11-02,9.38,9.52,9.25,9.52,276700,7.958
2011-11-03,9.58,9.69,9.37,9.69,287700,8.100
2011-11-04,9.64,9.64,9.465,9.56,187600,7.991
2011-11-07,9.59,9.67,9.45,9.65,221500,8.06
2011-11-08,9.75,10.23,9.75,10.19,897100,8.518
2011-11-09,10.05,10.16,9.90,9.94,423200,8.309
2011-11-10,10.07,10.083,9.70,9.72,487700,8.125
2011-11-11,9.77,9.89,9.59,9.60,479200,8.025
2011-11-14,9.55,9.66,9.4801,9.56,316800,7.991
2011-11-15,9.56,9.79,9.56,9.77,247200,8.167
2011-11-16,9.75,9.91,9.69,9.76,374000,8.158
2011-11-17,9.78,9.95,9.76,9.82,440000,8.209
2011-11-18,9.82,9.94,9.82,9.88,164200,8.259
2011-11-21,9.87,9.87,9.68,9.68,258400,8.09
2011-11-22,9.67,9.78,9.65,9.69,517300,8.100
2011-11-23,9.64,9.6401,9.26,9.26,296100,7.740
2011-11-24,9.26,9.26,9.26,9.26,000,7.740
2011-11-25,9.25,9.35,9.06,9.07,164000,7.582
2011-11-28,9.41,9.57,9.40,9.55,323400,7.983
2011-11-29,9.58,9.64,9.52,9.54,150600,7.97
2011-11-30,9.71,9.76,9.62,9.76,749600,8.158
2011-12-01,9.88,9.93,9.68,9.68,256600,8.09
2011-12-02,9.73,9.94,9.73,9.92,307800,8.292
2011-12-05,10.01,10.02,9.83,9.92,453800,8.292
2011-12-06,9.85,9.93,9.83,9.89,350600,8.267
2011-12-07,9.83,10.08,9.83,10.01,232200,8.367
2011-12-08,9.94,10.04,9.82,9.84,341700,8.225
2011-12-09,9.95,10.04,9.77,9.81,597200,8.200
2011-12-12,9.72,9.86,9.70,9.81,396200,8.200
2011-12-13,9.92,10.10,9.87,9.87,511700,8.250
2011-12-14,9.80,10.17,9.80,10.17,441300,8.501
2011-12-15,10.21,10.29,10.08,10.20,383000,8.526
2011-12-16,10.25,10.36,10.17,10.35,703800,8.652
2011-12-19,10.36,10.38,10.22,10.22,510400,8.543
2011-12-20,10.39,10.51,10.36,10.51,740000,8.785
2011-12-21,10.50,10.70,10.48,10.66,618100,8.911
2011-12-22,10.71,10.84,10.6856,10.69,534600,8.936
2011-12-23,10.76,10.7795,10.64,10.72,400100,8.961
2011-12-26,10.72,10.72,10.72,10.72,000,8.961
2011-12-27,10.50,10.6241,10.32,10.55,451800,9.11
2011-12-28,10.54,10.55,10.27,10.28,311500,8.883
2011-12-29,10.26,10.50,10.23,10.39,221500,8.978
2011-12-30,10.38,10.52,10.37,10.38,273400,8.970
2012-01-02,10.38,10.38,10.38,10.38,000,8.970
2012-01-03,10.42,10.56,10.31,10.38,454600,8.970
2012-01-04,10.37,10.39,10.30,10.35,285400,8.944
2012-01-05,10.35,10.37,10.28,10.37,266300,8.961
2012-01-06,10.37,10.47,10.31,10.37,383500,8.961
2012-01-09,10.42,10.60,10.38,10.58,588000,9.142
2012-01-10,10.72,10.78,10.641,10.73,352700,9.272
2012-01-11,10.74,10.75,10.61,10.65,232200,9.203
2012-01-12,10.68,10.74,10.61,10.65,433200,9.203
2012-01-13,10.61,10.65,10.55,10.62,248500,9.177
2012-01-16,10.62,10.62,10.62,10.62,000,9.177
2012-01-17,10.67,10.74,10.66,10.71,413400,9.255
2012-01-18,10.75,10.82,10.71,10.75,420600,9.289
2012-01-19,10.81,10.81,10.70,10.81,949100,9.341
2012-01-20,10.80,10.97,10.79,10.97,339200,9.479
2012-01-23,10.99,11.03,10.92,11.00,800400,9.505
2012-01-24,11.06,11.11,10.94,11.04,710000,9.540
2012-01-25,11.07,11.13,10.99,11.13,623300,9.618
2012-01-26,11.24,11.25,11.05,11.09,723700,9.583
2012-01-27,11.15,11.15,10.95,11.06,669900,9.557
2012-01-30,11.02,11.08,10.93,11.00,422000,9.505
2012-01-31,11.09,11.11,11.02,11.07,444400,9.566
2012-02-01,11.14,11.23,11.095,11.22,490100,9.69
2012-02-02,11.25,11.35,11.22,11.30,436200,9.765
2012-02-03,11.38,11.38,11.26,11.32,693300,9.782
2012-02-06,11.32,11.32,11.10,11.12,437300,9.609
2012-02-07,11.10,11.23,11.10,11.17,420100,9.652
2012-02-08,11.23,11.31,11.15,11.16,393400,9.644
2012-02-09,11.22,11.32,11.09,11.12,331600,9.609
2012-02-10,11.08,11.21,11.06,11.21,356600,9.687
2012-02-13,11.32,11.32,11.09,11.17,523900,9.652
2012-02-14,11.12,11.16,11.02,11.08,818100,9.57
2012-02-15,11.12,11.24,11.10,11.15,285600,9.635
2012-02-16,11.16,11.31,11.13,11.31,369400,9.773
2012-02-17,11.29,11.33,11.17,11.31,379800,9.773
2012-02-20,11.31,11.31,11.31,11.31,000,9.773
2012-02-21,11.33,11.3726,11.25,11.35,408000,9.808
2012-02-22,11.36,11.36,11.25,11.29,305200,9.756
2012-02-23,11.29,11.35,11.25,11.33,392200,9.79
2012-02-24,11.37,11.50,11.28,11.30,828200,9.765
2012-02-27,11.29,11.29,11.15,11.21,933600,9.687
2012-02-28,11.25,11.33,11.20,11.26,1462500,9.730
2012-02-29,11.30,11.30,11.15,11.15,1095900,9.635
2012-03-01,11.18,11.22,11.11,11.14,579000,9.626
2012-03-02,11.14,11.25,11.12,11.19,544400,9.6
2012-03-05,11.20,11.24,11.15,11.22,488200,9.69
2012-03-06,11.16,11.20,11.00,11.00,615300,9.505
2012-03-07,11.02,11.061,10.94,11.03,810900,9.531
2012-03-08,11.08,11.08,10.95,10.99,483100,9.497
2012-03-09,10.98,11.045,10.94,10.99,829600,9.497
2012-03-12,11.02,11.04,10.90,10.90,865200,9.419
2012-03-13,10.98,11.20,10.955,11.20,867900,9.678
2012-03-14,11.17,11.20,10.99,11.04,794300,9.540
2012-03-15,11.05,11.28,10.98,11.25,527300,9.721
2012-03-16,11.24,11.26,11.10,11.22,824700,9.69
2012-03-19,11.22,11.32,11.20,11.23,570000,9.704
2012-03-20,11.21,11.30,11.18,11.23,430100,9.704
2012-03-21,10.64,10.72,10.13,10.57,2641000,9.134
2012-03-22,10.50,10.58,10.36,10.50,866200,9.073
2012-03-23,10.50,10.5099,10.39,10.50,449900,9.073
2012-03-26,10.56,10.61,10.54,10.59,535000,9.151
2012-03-27,10.64,10.75,10.54,10.54,652600,9.108
2012-03-28,10.25,10.35,10.25,10.27,395300,9.108
2012-03-29,10.25,10.44,10.16,10.41,558000,9.232
2012-03-30,10.47,10.47,10.27,10.34,766600,9.170
2012-04-02,10.29,10.34,10.20,10.20,745600,9.046
2012-04-03,10.23,10.26,10.12,10.13,797800,8.984
2012-04-04,10.09,10.20,9.95,10.09,751800,8.948
2012-04-05,10.09,10.10,9.99,10.08,611200,8.939
2012-04-06,10.08,10.08,10.08,10.08,000,8.939
2012-04-09,10.05,10.05,9.95,10.00,566200,8.868
2012-04-10,10.02,10.03,9.95,10.03,616400,8.895
2012-04-11,10.12,10.32,10.04,10.32,565800,9.152
2012-04-12,10.30,10.34,10.25,10.32,339200,9.152
2012-04-13,10.26,10.30,10.21,10.30,249100,9.134
2012-04-16,10.30,10.51,10.30,10.46,515900,9.276
2012-04-17,10.48,10.53,10.39,10.43,650900,9.250
2012-04-18,10.39,10.45,10.36,10.41,376900,9.232
2012-04-19,10.44,10.44,10.28,10.37,378700,9.19
2012-04-20,10.49,10.54,10.3795,10.40,424900,9.223
2012-04-23,10.34,10.36,10.25,10.31,417700,9.143
2012-04-24,10.32,10.39,10.31,10.36,306100,9.188
2012-04-25,10.40,10.46,10.39,10.42,337600,9.241
2012-04-26,10.44,10.54,10.41,10.49,344600,9.303
2012-04-27,10.50,10.55,10.47,10.52,444600,9.330
2012-04-30,10.48,10.65,10.48,10.49,580500,9.303
2012-05-01,10.48,10.57,10.41,10.50,587300,9.312
2012-05-02,10.48,10.52,10.43,10.51,381900,9.321
2012-05-03,10.46,10.46,10.22,10.25,1172100,9.090
2012-05-04,10.33,10.33,10.12,10.15,760900,9.001
2012-05-07,10.10,10.17,9.96,10.10,642600,8.957
2012-05-08,10.09,10.09,9.98,10.05,833000,8.913
2012-05-09,9.98,10.15,9.97,10.12,435200,8.975
2012-05-10,10.19,10.38,10.10,10.37,294000,9.19
2012-05-11,10.34,10.38,10.14,10.31,304800,9.143
2012-05-14,10.25,10.25,10.08,10.09,484200,8.948
2012-05-15,10.11,10.26,10.11,10.21,300600,9.055
2012-05-16,10.21,10.28,10.18,10.20,228500,9.046
2012-05-17,10.21,10.28,10.13,10.19,528300,9.037
2012-05-18,10.16,10.24,10.09,10.11,708300,8.966
2012-05-21,10.10,10.15,10.07,10.11,601400,8.966
2012-05-22,10.15,10.22,10.03,10.08,401100,8.939
2012-05-23,10.04,10.11,9.95,10.09,427000,8.948
2012-05-24,10.13,10.1312,10.00,10.08,279600,8.939
2012-05-25,10.10,10.14,10.02,10.02,365900,8.886
2012-05-28,10.02,10.02,10.02,10.02,000,8.886
2012-05-29,10.06,10.09,10.00,10.05,371300,8.913
2012-05-30,10.01,10.04,9.92,9.93,388300,8.806
2012-05-31,9.91,9.93,9.80,9.80,801300,8.691
2012-06-01,9.72,9.78,9.52,9.53,977500,8.45
2012-06-04,9.56,9.62,9.48,9.60,520900,8.514
2012-06-05,9.59,9.78,9.58,9.74,266300,8.638
2012-06-06,9.75,9.88,9.75,9.86,312200,8.744
2012-06-07,9.93,9.93,9.75,9.76,311200,8.65
2012-06-08,9.73,9.89,9.73,9.86,257700,8.744
2012-06-11,9.90,9.915,9.81,9.82,351600,8.709
2012-06-12,9.86,9.92,9.81,9.88,374000,8.762
2012-06-13,9.89,10.15,9.86,10.15,515800,9.001
2012-06-14,10.13,10.26,10.0779,10.26,419900,9.099
2012-06-15,10.25,10.32,10.20,10.27,696900,9.108
2012-06-18,10.27,10.43,10.21,10.43,610600,9.250
2012-06-19,10.43,10.60,10.35,10.43,646100,9.250
2012-06-20,10.45,10.48,10.37,10.40,321900,9.223
2012-06-21,10.44,10.48,10.24,10.43,524500,9.250
2012-06-22,10.43,10.50,10.32,10.34,1631900,9.170
2012-06-25,10.26,10.43,10.26,10.29,324200,9.126
2012-06-26,10.32,10.38,10.16,10.23,568300,9.072
2012-06-27,9.95,10.14,9.8811,10.06,316100,9.163
2012-06-28,10.04,10.15,9.96,10.10,286000,9.200
2012-06-29,10.19,10.22,10.10,10.17,468400,9.264
2012-07-02,10.16,10.24,10.01,10.03,612100,9.136
2012-07-03,10.05,10.25,10.05,10.18,364100,9.273
2012-07-04,10.18,10.18,10.18,10.18,000,9.273
2012-07-05,10.19,10.25,10.10,10.22,590400,9.309
2012-07-06,10.17,10.28,10.17,10.17,349200,9.264
2012-07-09,10.20,10.27,10.12,10.24,369100,9.327
2012-07-10,10.31,10.36,10.19,10.34,267100,9.41
2012-07-11,10.35,10.35,10.15,10.25,344500,9.33
2012-07-12,10.23,10.28,10.15,10.18,312600,9.273
2012-07-13,10.22,10.29,10.20,10.23,241400,9.318
2012-07-16,10.20,10.30,10.20,10.28,242100,9.364
2012-07-17,10.28,10.51,10.26,10.39,402700,9.464
2012-07-18,10.40,10.46,10.32,10.35,227600,9.428
2012-07-19,10.40,10.42,10.29,10.33,207700,9.409
2012-07-20,10.29,10.45,10.25,10.43,254900,9.50
2012-07-23,10.33,10.46,10.3005,10.39,295800,9.464
2012-07-24,10.42,10.42,10.33,10.34,215700,9.41
2012-07-25,10.37,10.40,10.30,10.33,179700,9.409
2012-07-26,10.44,10.51,10.313,10.37,260700,9.446
2012-07-27,10.43,10.46,10.36,10.41,421900,9.482
2012-07-30,10.42,10.54,10.42,10.49,343000,9.555
2012-07-31,10.50,10.57,10.45,10.48,335600,9.546
2012-08-01,10.47,10.55,10.35,10.35,232800,9.428
2012-08-02,10.30,10.30,9.99,10.01,889000,9.118
2012-08-03,10.04,10.20,10.03,10.09,484700,9.191
2012-08-06,10.32,10.34,10.08,10.11,453400,9.209
2012-08-07,10.11,10.25,10.00,10.03,490500,9.136
2012-08-08,10.02,10.05,9.98,10.00,396700,9.109
2012-08-09,10.02,10.04,9.97,10.01,371800,9.118
2012-08-10,10.02,10.05,9.99,10.00,297000,9.109
2012-08-13,10.03,10.12,10.00,10.08,369300,9.182
2012-08-14,10.09,10.11,10.00,10.01,397700,9.118
2012-08-15,10.03,10.09,10.0135,10.06,253300,9.163
2012-08-16,10.07,10.20,10.02,10.15,617500,9.245
2012-08-17,10.17,10.20,10.07,10.19,272200,9.282
2012-08-20,10.20,10.26,10.17,10.26,316000,9.346
2012-08-21,10.26,10.335,10.16,10.20,296700,9.291
2012-08-22,10.21,10.21,10.11,10.17,167400,9.264
2012-08-23,10.19,10.19,10.09,10.14,227200,9.236
2012-08-24,10.14,10.25,10.1186,10.22,190200,9.309
2012-08-27,10.21,10.24,10.12,10.22,177500,9.309
2012-08-28,10.24,10.30,10.16,10.17,338000,9.264
2012-08-29,10.17,10.31,10.17,10.31,336100,9.391
2012-08-30,10.30,10.40,10.26,10.33,223500,9.409
2012-08-31,10.38,10.39,10.27,10.28,378600,9.364
2012-09-03,10.28,10.28,10.28,10.28,000,9.364
2012-09-04,10.28,10.57,10.25,10.55,443800,9.610
2012-09-05,10.59,10.59,10.315,10.38,468500,9.455
2012-09-06,10.39,10.49,10.38,10.46,355100,9.528
2012-09-07,10.51,10.59,10.46,10.52,340500,9.58
2012-09-10,10.51,10.60,10.49,10.53,236300,9.592
2012-09-11,10.53,10.66,10.51,10.65,222800,9.701
2012-09-12,10.66,10.74,10.55,10.63,311200,9.683
2012-09-13,10.63,10.75,10.5401,10.66,494900,9.710
2012-09-14,10.64,10.73,10.63,10.66,613700,9.710
2012-09-17,10.61,10.71,10.51,10.56,340200,9.619
2012-09-18,10.52,10.61,10.51,10.59,252800,9.646
2012-09-19,10.59,10.63,10.55,10.59,426800,9.646
2012-09-20,10.76,11.25,10.72,11.24,1994100,10.238
2012-09-21,11.28,11.44,11.25,11.36,1934600,10.348
2012-09-24,11.35,11.36,11.19,11.24,791100,10.238
2012-09-25,11.26,11.35,11.11,11.11,679200,10.120
2012-09-26,11.16,11.23,11.12,11.22,685700,10.220
2012-09-27,10.89,11.01,10.80,10.87,543500,10.192
2012-09-28,10.85,10.90,10.72,10.81,315300,10.136
2012-10-01,10.85,10.91,10.81,10.91,521900,10.2
2012-10-02,10.92,11.03,10.90,11.03,393300,10.342
2012-10-03,11.04,11.1099,10.96,11.00,397500,10.314
2012-10-04,11.04,11.07,10.86,10.88,629900,10.201
2012-10-05,10.94,11.13,10.89,11.02,366800,10.333
2012-10-08,10.85,11.05,10.67,11.01,572800,10.323
2012-10-09,11.03,11.0428,10.80,10.84,413000,10.164
2012-10-10,10.84,10.92,10.8203,10.91,396200,10.2
2012-10-11,10.94,11.08,10.94,11.06,358100,10.370
2012-10-12,11.09,11.15,11.05,11.09,496000,10.398
2012-10-15,11.11,11.15,10.90,10.93,942100,10.248
2012-10-16,10.95,11.10,10.89,11.10,808700,10.408
2012-10-17,11.10,11.38,11.07,11.29,523200,10.586
2012-10-18,11.32,11.35,11.2374,11.27,442900,10.567
2012-10-19,11.25,11.43,11.20,11.26,505800,10.558
2012-10-22,11.31,11.31,11.18,11.22,233900,10.520
2012-10-23,11.16,11.16,11.08,11.11,342600,10.417
2012-10-24,11.14,11.34,11.12,11.31,367900,10.605
2012-10-25,11.33,11.40,11.25,11.38,385300,10.670
2012-10-26,11.40,11.40,11.20,11.23,299500,10.530
2012-10-29,11.23,11.23,11.23,11.23,000,10.530
2012-10-30,11.23,11.23,11.23,11.23,000,10.530
2012-10-31,11.25,11.39,11.212,11.25,400600,10.548
2012-11-01,11.28,11.37,11.26,11.29,599200,10.586
2012-11-02,11.35,11.40,11.29,11.30,441400,10.595
2012-11-05,11.33,11.36,11.21,11.31,332200,10.605
2012-11-06,11.36,11.38,11.15,11.18,332500,10.483
2012-11-07,11.14,11.15,10.85,11.00,817500,10.314
2012-11-08,10.99,11.10,10.97,10.98,561400,10.295
2012-11-09,10.95,11.10,10.85,11.10,354300,10.408
2012-11-12,12.65,12.67,12.32,12.43,20921300,11.655
2012-11-13,12.39,12.44,12.35,12.35,4620800,11.580
2012-11-14,12.35,12.39,12.21,12.25,4287800,11.486
2012-11-15,12.20,12.35,12.20,12.35,1311800,11.580
2012-11-16,12.35,12.405,12.30,12.37,2679000,11.59
2012-11-19,12.38,12.40,12.30,12.39,1354300,11.617
2012-11-20,12.39,12.40,12.33,12.40,1386100,11.627
2012-11-21,12.40,12.42,12.35,12.41,691400,11.636
2012-11-22,12.41,12.41,12.41,12.41,000,11.636
2012-11-23,12.40,12.42,12.35,12.41,432600,11.636
2012-11-26,12.40,12.44,12.35,12.39,3019200,11.617
2012-11-27,12.39,12.42,12.37,12.38,1649600,11.608
2012-11-28,12.39,12.44,12.37,12.39,806600,11.617
2012-11-29,12.43,12.45,12.40,12.42,422600,11.645
2012-11-30,12.45,12.49,12.42,12.49,778200,11.711
2012-12-03,12.49,12.50,12.41,12.47,569800,11.692
2012-12-04,12.44,12.47,12.40,12.40,416900,11.627
2012-12-05,12.43,12.46,12.40,12.40,665500,11.627
2012-12-06,12.41,12.45,12.39,12.41,463900,11.636
2012-12-07,12.44,12.44,12.41,12.41,605800,11.636
2012-12-10,12.43,12.45,12.38,12.39,1058100,11.617
2012-12-11,12.41,12.44,12.39,12.44,470500,11.664
2012-12-12,12.44,12.46,12.40,12.45,638100,11.67
2012-12-13,12.46,12.46,12.38,12.41,713500,11.636
2012-12-14,12.40,12.42,12.39,12.42,400300,11.645
2012-12-17,12.40,12.42,12.37,12.41,713100,11.636
2012-12-18,12.39,12.42,12.39,12.41,395200,11.636
2012-12-19,12.40,12.46,12.39,12.42,477600,11.645
2012-12-20,12.45,12.59,12.43,12.59,625300,11.805
2012-12-21,12.56,12.56,12.40,12.48,1400900,11.702
2012-12-24,12.50,12.55,12.40,12.43,247500,11.655
2012-12-25,12.43,12.43,12.43,12.43,000,11.655
2012-12-26,12.50,12.56,12.40,12.50,623600,11.720
2012-12-27,12.19,12.3901,12.17,12.30,1272500,11.836
2012-12-28,12.30,12.351,12.23,12.30,831900,11.836
2012-12-31,12.29,12.33,12.24,12.25,856700,11.788
2013-01-01,12.25,12.25,12.25,12.25,000,11.788
2013-01-02,12.36,12.40,12.29,12.33,954200,11.865
2013-01-03,12.33,12.40,12.32,12.37,385600,11.903
2013-01-04,12.40,12.49,12.38,12.46,477600,11.990
2013-01-07,12.47,12.49,12.41,12.47,810000,12.0
2013-01-08,12.48,12.48,12.41,12.43,372300,11.961
2013-01-09,12.46,12.47,12.40,12.41,795700,11.942
2013-01-10,12.40,12.44,12.36,12.37,574300,11.903
2013-01-11,12.42,12.43,12.37,12.41,818700,11.942
2013-01-14,12.39,12.41,12.37,12.39,296600,11.92
2013-01-15,12.35,12.40,12.35,12.37,478400,11.903
2013-01-16,12.38,12.40,12.35,12.37,462200,11.903
2013-01-17,12.39,12.41,12.37,12.40,2050700,11.932
2013-01-18,12.42,12.48,12.40,12.47,511300,12.0
2013-01-21,12.47,12.47,12.47,12.47,000,12.0
2013-01-22,12.46,12.49,12.45,12.48,1142100,12.009
2013-01-23,12.49,12.69,12.45,12.55,712200,12.07
2013-01-24,12.58,12.60,12.51,12.59,849700,12.115
2013-01-25,12.59,12.61,12.50,12.53,524500,12.057
2013-01-28,12.56,12.60,12.49,12.50,797000,12.028
2013-01-29,12.50,12.56,12.49,12.54,317000,12.067
2013-01-30,12.56,12.56,12.49,12.50,526500,12.028
2013-01-31,13.275,13.30,13.25,13.29,16240300,12.789
2013-02-01,13.27,13.30,13.27,13.30,3971300,12.798
2013-02-04,13.28,13.30,13.28,13.28,1171200,12.779
2013-02-05,13.29,13.31,13.29,13.31,2081300,12.808
2013-02-06,13.30,13.32,13.30,13.30,574300,12.798
2013-02-07,13.30,13.31,13.29,13.30,712300,12.798
2013-02-08,13.305,13.31,13.29,13.30,314100,12.798
2013-02-11,13.30,13.345,13.29,13.30,1860700,12.798
2013-02-12,13.30,13.33,13.29,13.33,799500,12.827
2013-02-13,13.31,13.34,13.30,13.31,815700,12.808
2013-02-14,13.33,13.33,13.31,13.32,294800,12.817
2013-02-15,13.32,13.33,13.31,13.32,333500,12.817
2013-02-18,13.32,13.32,13.32,13.32,000,12.817
2013-02-19,13.32,13.35,13.31,13.35,656500,12.846
2013-02-20,13.32,13.33,13.30,13.30,845000,12.798
2013-02-21,13.30,13.32,13.30,13.31,1154100,12.808
2013-02-22,13.30,13.33,13.30,13.33,545500,12.827
2013-02-25,13.33,13.33,13.31,13.31,439600,12.808
2013-02-26,13.32,13.34,13.31,13.31,1136700,12.808
2013-02-27,13.32,13.33,13.31,13.33,384400,12.827
2013-02-28,13.32,13.345,13.31,13.31,1691100,12.808
2013-03-01,13.32,13.34,13.32,13.34,725700,12.837
2013-03-04,13.31,13.34,13.31,13.34,530300,12.837
2013-03-05,13.34,13.34,13.32,13.32,986400,12.817
2013-03-06,13.34,13.34,13.32,13.34,529600,12.837
2013-03-07,13.34,13.34,13.33,13.34,765000,12.837
2013-03-08,13.35,13.35,13.32,13.33,904600,12.827
2013-03-11,13.33,13.36,13.33,13.35,493900,12.846
2013-03-12,13.34,13.35,13.33,13.34,289500,12.837
2013-03-13,13.34,13.36,13.33,13.35,367600,12.846
2013-03-14,13.33,13.35,13.33,13.35,706000,12.846
2013-03-15,13.29,13.29,13.26,13.28,1995900,12.779
2013-03-18,13.24,13.28,13.24,13.27,1645100,12.769
2013-03-19,13.27,13.28,13.26,13.27,802300,12.769
2013-03-20,13.28,13.28,13.25,13.26,2089100,12.760
2013-03-21,13.26,13.275,13.25,13.25,1185300,12.750
2013-03-22,13.26,13.27,13.25,13.26,1264400,12.760
2013-03-25,13.26,13.28,13.25,13.26,1869100,12.760
2013-03-26,13.02,13.03,13.01,13.02,795000,12.7
2013-03-27,13.01,13.03,13.01,13.02,615100,13.0
2013-03-28,13.03,13.03,13.02,13.02,753400,13.0
2013-03-29,13.02,13.02,13.02,13.02,000,13.0
2013-04-01,13.01,13.03,13.01,13.02,950500,13.0
2013-04-02,13.02,13.03,13.01,13.02,767600,13.0
2013-04-03,13.02,13.03,13.02,13.02,726900,13.0
2013-04-04,13.03,13.03,13.02,13.02,655600,13.0
2013-04-05,13.02,13.03,13.02,13.02,551200,13.0
2013-04-08,13.03,13.03,13.02,13.02,384500,13.0
2013-04-09,13.02,13.05,13.02,13.02,1192800,13.0
2013-04-10,13.03,13.04,13.03,13.04,465500,13.0
2013-04-11,13.03,13.04,13.03,13.03,333300,13.0
2013-04-12,13.04,13.05,13.03,13.03,386200,13.0
2013-04-15,13.04,13.04,13.03,13.04,668200,13.0
2013-04-16,13.04,13.04,13.03,13.03,1131100,13.0
2013-04-17,13.04,13.065,13.03,13.03,904000,13.0
2013-04-18,13.05,13.05,13.03,13.03,562100,13.0
2013-04-19,13.04,13.04,13.03,13.04,381100,13.0
2013-04-22,13.03,13.04,13.03,13.03,718700,13.0
2013-04-23,13.03,13.05,13.03,13.05,276300,13.0
2013-04-24,13.05,13.05,13.03,13.03,267400,13.0
2013-04-25,13.03,13.05,13.03,13.04,306200,13.0
2013-04-26,13.05,13.05,13.03,13.03,197300,13.0
2013-04-29,13.03,13.04,13.03,13.03,191900,13.0
2013-04-30,13.04,13.04,13.03,13.03,96600,13.0
2013-05-01,13.03,13.04,13.03,13.04,300400,13.0
2013-05-02,13.04,13.04,13.03,13.03,326900,13.0
2013-05-03,13.04,13.07,13.03,13.06,265900,13.0
2013-05-06,13.05,13.05,13.03,13.03,170200,13.0
2013-05-07,13.03,13.05,13.03,13.04,246400,13.0
2013-05-08,13.05,13.07,13.04,13.07,366200,13.0
2013-05-09,13.07,13.07,13.04,13.04,146200,13.0
2013-05-10,13.05,13.06,13.04,13.04,185900,13.0
2013-05-13,13.04,13.06,13.04,13.04,177900,13.0
2013-05-14,13.05,13.06,13.04,13.04,112400,13.0
2013-05-15,13.05,13.05,13.04,13.04,117400,13.0
2013-05-16,13.04,13.05,13.04,13.04,116300,13.0
2013-05-17,13.05,13.05,13.04,13.04,83800,13.0
2013-05-20,13.04,13.06,13.04,13.04,82900,13.0
2013-05-21,13.05,13.058,13.04,13.04,77800,13.0
2013-05-22,13.05,13.05,13.04,13.04,77200,13.0
2013-05-23,13.05,13.05,13.04,13.04,352500,13.0
